# Khalifa's alif count for each verse of the 13 alif-initialed chapters, from
# Quran: Visual Presentation of the Miracle, resolved by resolve_alif.py.
chapter	verse	alif
2	0	3
2	1	1
2	2	2
2	3	4
2	4	9
2	5	3
2	6	9
2	7	3
2	8	11
2	9	10
2	10	8
2	11	10
2	12	5
2	13	26
2	14	23
2	15	1
2	16	10
2	17	11
2	18	1
2	19	12
2	20	20
2	21	8
2	22	24
2	23	12
2	24	14
2	25	25
2	26	33
2	27	10
2	28	5
2	29	11
2	30	19
2	31	16
2	32	12
2	33	22
2	34	14
2	35	15
2	36	15
2	37	7
2	38	11
2	39	11
2	40	11
2	41	19
2	42	7
2	43	10
2	44	10
2	45	9
2	46	5
2	47	8
2	48	11
2	49	13
2	50	9
2	51	6
2	52	1
2	53	7
2	54	19
2	55	5
2	56	0
2	57	14
2	58	15
2	59	15
2	60	20
2	61	42
2	62	21
2	63	12
2	64	3
2	65	6
2	66	6
2	67	18
2	68	17
2	69	16
2	70	15
2	71	20
2	72	7
2	73	7
2	74	23
2	75	6
2	76	24
2	77	6
2	78	10
2	79	10
2	80	18
2	81	8
2	82	10
2	83	30
2	84	10
2	85	31
2	86	14
2	87	23
2	88	6
2	89	17
2	90	18
2	91	24
2	92	6
2	93	22
2	94	14
2	95	6
2	96	14
2	97	7
2	98	4
2	99	10
2	100	6
2	101	14
2	102	46
2	103	9
2	104	16
2	105	14
2	106	13
2	107	9
2	108	12
2	109	19
2	110	14
2	111	13
2	112	4
2	113	17
2	114	21
2	115	8
2	116	9
2	117	9
2	118	17
2	119	10
2	120	17
2	121	8
2	122	8
2	123	10
2	124	16
2	125	21
2	126	28
2	127	12
2	128	15
2	129	12
2	130	11
2	131	6
2	132	10
2	133	21
2	134	9
2	135	11
2	136	25
2	137	17
2	138	3
2	139	9
2	140	22
2	141	9
2	142	15
2	143	32
2	144	19
2	145	27
2	146	11
2	147	3
2	148	13
2	149	7
2	150	14
2	151	12
2	152	5
2	153	13
2	154	8
2	155	9
2	156	11
2	157	3
2	158	17
2	159	13
2	160	15
2	161	12
2	162	5
2	163	8
2	164	40
2	165	25
2	166	15
2	167	16
2	168	14
2	169	13
2	170	26
2	171	12
2	172	13
2	173	16
2	174	21
2	175	13
2	176	10
2	177	54
2	178	30
2	179	5
2	180	12
2	181	7
2	182	10
2	183	10
2	184	15
2	185	26
2	186	13
2	187	47
2	188	19
2	189	21
2	190	9
2	191	15
2	192	5
2	193	9
2	194	21
2	195	13
2	196	51
2	197	20
2	198	18
2	199	11
2	200	24
2	201	13
2	202	6
2	203	18
2	204	10
2	205	11
2	206	10
2	207	11
2	208	14
2	209	9
2	210	14
2	211	14
2	212	16
2	213	39
2	214	26
2	215	15
2	216	13
2	217	36
2	218	13
2	219	18
2	220	21
2	221	23
2	222	19
2	223	13
2	224	11
2	225	8
2	226	8
2	227	5
2	228	26
2	229	40
2	230	19
2	231	33
2	232	24
2	233	53
2	234	17
2	235	37
2	236	15
2	237	20
2	238	5
2	239	15
2	240	15
2	241	3
2	242	3
2	243	18
2	244	6
2	245	10
2	246	42
2	247	25
2	248	18
2	249	36
2	250	16
2	251	20
2	252	7
2	253	32
2	254	16
2	255	38
2	256	16
2	257	21
2	258	34
2	259	43
2	260	21
2	261	10
2	262	13
2	263	3
2	264	37
2	265	22
2	266	26
2	267	27
2	268	9
2	269	14
2	270	8
2	271	14
2	272	18
2	273	27
2	274	10
2	275	37
2	276	8
2	277	18
2	278	14
2	279	10
2	280	6
2	281	7
2	282	107
2	283	20
2	284	18
2	285	21
2	286	48
3	0	3
3	1	1
3	2	7
3	3	8
3	4	14
3	5	10
3	6	12
3	7	38
3	8	10
3	9	11
3	10	12
3	11	13
3	12	4
3	13	17
3	14	22
3	15	12
3	16	14
3	17	8
3	18	19
3	19	25
3	20	24
3	21	13
3	22	9
3	23	9
3	24	14
3	25	5
3	26	15
3	27	13
3	28	17
3	29	12
3	30	14
3	31	5
3	32	10
3	33	12
3	34	2
3	35	11
3	36	20
3	37	26
3	38	8
3	39	13
3	40	11
3	41	21
3	42	10
3	43	4
3	44	11
3	45	15
3	46	5
3	47	13
3	48	5
3	49	35
3	50	11
3	51	4
3	52	21
3	53	12
3	54	4
3	55	18
3	56	14
3	57	12
3	58	5
3	59	6
3	60	3
3	61	24
3	62	13
3	63	5
3	64	30
3	65	13
3	66	10
3	67	13
3	68	14
3	69	9
3	70	6
3	71	6
3	72	19
3	73	19
3	74	5
3	75	24
3	76	5
3	77	19
3	78	12
3	79	16
3	80	14
3	81	25
3	82	2
3	83	9
3	84	20
3	85	7
3	86	14
3	87	9
3	88	5
3	89	9
3	90	11
3	91	16
3	92	10
3	93	19
3	94	5
3	95	8
3	96	5
3	97	18
3	98	7
3	99	13
3	100	14
3	101	6
3	102	14
3	103	25
3	104	8
3	105	12
3	106	10
3	107	6
3	108	8
3	109	9
3	110	16
3	111	8
3	112	27
3	113	15
3	114	11
3	115	4
3	116	14
3	117	13
3	118	26
3	119	26
3	120	14
3	121	6
3	122	9
3	123	6
3	124	6
3	125	8
3	126	11
3	127	6
3	128	6
3	129	10
3	130	16
3	131	6
3	132	4
3	133	8
3	134	15
3	135	18
3	136	8
3	137	7
3	138	3
3	139	8
3	140	19
3	141	6
3	142	9
3	143	4
3	144	15
3	145	19
3	146	15
3	147	23
3	148	12
3	149	12
3	150	2
3	151	13
3	152	18
3	153	16
3	154	40
3	155	16
3	156	33
3	157	5
3	158	4
3	159	17
3	160	9
3	161	8
3	162	8
3	163	3
3	164	13
3	165	11
3	166	8
3	167	22
3	168	16
3	169	9
3	170	9
3	171	6
3	172	14
3	173	17
3	174	8
3	175	10
3	176	16
3	177	13
3	178	13
3	179	23
3	180	15
3	181	19
3	182	5
3	183	20
3	184	7
3	185	18
3	186	17
3	187	17
3	188	15
3	189	5
3	190	13
3	191	15
3	192	8
3	193	27
3	194	13
3	195	29
3	196	4
3	197	3
3	198	13
3	199	22
3	200	15
29	0	3
29	1	1
29	2	11
29	3	6
29	4	10
29	5	12
29	6	5
29	7	12
29	8	12
29	9	7
29	10	25
29	11	6
29	12	12
29	13	12
29	14	12
29	15	6
29	16	8
29	17	20
29	18	9
29	19	6
29	20	15
29	21	5
29	22	11
29	23	12
29	24	17
29	25	16
29	26	9
29	27	15
29	28	10
29	29	22
29	30	4
29	31	18
29	32	15
29	33	22
29	34	11
29	35	4
29	36	18
29	37	5
29	38	8
29	39	10
29	40	20
29	41	16
29	42	6
29	43	9
29	44	8
29	45	17
29	46	25
29	47	17
29	48	8
29	49	13
29	50	16
29	51	7
29	52	15
29	53	10
29	54	4
29	55	5
29	56	9
29	57	4
29	58	14
29	59	2
29	60	10
29	61	9
29	62	8
29	63	16
29	64	16
29	65	12
29	66	5
29	67	14
29	68	10
29	69	7
30	0	3
30	1	1
30	2	1
30	3	3
30	4	3
30	5	5
30	6	7
30	7	7
30	8	19
30	9	28
30	10	16
30	11	4
30	12	3
30	13	5
30	14	2
30	15	8
30	16	15
30	17	1
30	18	5
30	19	7
30	20	7
30	21	12
30	22	11
30	23	11
30	24	16
30	25	17
30	26	3
30	27	12
30	28	15
30	29	9
30	30	15
30	31	8
30	32	6
30	33	12
30	34	5
30	35	7
30	36	13
30	37	10
30	38	10
30	39	17
30	40	5
30	41	10
30	42	9
30	43	6
30	44	2
30	45	9
30	46	8
30	47	16
30	48	21
30	49	4
30	50	11
30	51	6
30	52	11
30	53	10
30	54	8
30	55	8
30	56	13
30	57	4
30	58	15
30	59	3
30	60	6
31	0	3
31	1	1
31	2	4
31	3	0
31	4	6
31	5	3
31	6	8
31	7	13
31	8	8
31	9	5
31	10	18
31	11	7
31	12	9
31	13	7
31	14	10
31	15	18
31	16	14
31	17	13
31	18	10
31	19	7
31	20	16
31	21	21
31	22	9
31	23	9
31	24	3
31	25	8
31	26	8
31	27	11
31	28	6
31	29	16
31	30	10
31	31	9
31	32	15
31	33	24
31	34	18
32	0	3
32	1	1
32	2	3
32	3	6
32	4	15
32	5	13
32	6	4
32	7	5
32	8	2
32	9	7
32	10	11
32	11	3
32	12	14
32	13	11
32	14	11
32	15	13
32	16	6
32	17	9
32	18	7
32	19	14
32	20	22
32	21	8
32	22	7
32	23	8
32	24	11
32	25	5
32	26	9
32	27	17
32	28	3
32	29	6
32	30	3
10	0	3
10	1	5
10	2	21
10	3	20
10	4	22
10	5	19
10	6	12
10	7	18
10	8	7
10	9	11
10	10	8
10	11	13
10	12	21
10	13	14
10	14	2
10	15	32
10	16	9
10	17	10
10	18	17
10	19	11
10	20	11
10	21	20
10	22	25
10	23	20
10	24	48
10	25	8
10	26	10
10	27	21
10	28	14
10	29	6
10	30	11
10	31	18
10	32	9
10	33	4
10	34	7
10	35	15
10	36	14
10	37	12
10	38	9
10	39	10
10	40	3
10	41	7
10	42	7
10	43	7
10	44	10
10	45	16
10	46	8
10	47	7
10	48	3
10	49	21
10	50	12
10	51	9
10	52	7
10	53	6
10	54	16
10	55	13
10	56	1
10	57	10
10	58	3
10	59	13
10	60	11
10	61	26
10	62	9
10	63	6
10	64	11
10	65	6
10	66	18
10	67	9
10	68	17
10	69	5
10	70	10
10	71	22
10	72	13
10	73	11
10	74	13
10	75	11
10	76	9
10	77	9
10	78	20
10	79	2
10	80	9
10	81	12
10	82	3
10	83	13
10	84	7
10	85	8
10	86	3
10	87	15
10	88	24
10	89	9
10	90	28
10	91	4
10	92	10
10	93	17
10	94	14
10	95	7
10	96	3
10	97	9
10	98	20
10	99	12
10	100	10
10	101	13
10	102	10
10	103	8
10	104	16
10	105	5
10	106	10
10	107	14
10	108	16
10	109	6
11	0	3
11	1	4
11	2	7
11	3	15
11	4	3
11	5	12
11	6	10
11	7	21
11	8	16
11	9	7
11	10	9
11	11	8
11	12	16
11	13	9
11	14	14
11	15	10
11	16	15
11	17	19
11	18	15
11	19	7
11	20	19
11	21	7
11	22	7
11	23	14
11	24	11
11	25	5
11	26	11
11	27	23
11	28	10
11	29	21
11	30	4
11	31	23
11	32	11
11	33	10
11	34	10
11	35	9
11	36	11
11	37	9
11	38	11
11	39	3
11	40	23
11	41	8
11	42	9
11	43	20
11	44	16
11	45	10
11	46	11
11	47	11
11	48	7
11	49	14
11	50	15
11	51	12
11	52	12
11	53	11
11	54	17
11	55	2
11	56	11
11	57	12
11	58	13
11	59	9
11	60	15
11	61	20
11	62	19
11	63	9
11	64	13
11	65	6
11	66	15
11	67	6
11	68	11
11	69	13
11	70	15
11	71	8
11	72	10
11	73	9
11	74	6
11	75	3
11	76	11
11	77	10
11	78	18
11	79	7
11	80	6
11	81	24
11	82	13
11	83	2
11	84	22
11	85	18
11	86	5
11	87	20
11	88	28
11	89	9
11	90	5
11	91	13
11	92	10
11	93	9
11	94	18
11	95	7
11	96	5
11	97	7
11	98	6
11	99	5
11	100	6
11	101	16
11	102	8
11	103	10
11	104	4
11	105	5
11	106	7
11	107	13
11	108	18
11	109	13
11	110	7
11	111	6
11	112	8
11	113	13
11	114	11
11	115	6
11	116	22
11	117	5
11	118	7
11	119	8
11	120	10
11	121	6
11	122	4
11	123	9
12	0	3
12	1	5
12	2	6
12	3	12
12	4	11
12	5	10
12	6	13
12	7	5
12	8	13
12	9	9
12	10	9
12	11	10
12	12	5
12	13	10
12	14	8
12	15	12
12	16	6
12	17	16
12	18	10
12	19	12
12	20	3
12	21	24
12	22	7
12	23	14
12	24	14
12	25	25
12	26	7
12	27	3
12	28	6
12	29	6
12	30	11
12	31	22
12	32	8
12	33	12
12	34	5
12	35	7
12	36	25
12	37	22
12	38	21
12	39	10
12	40	33
12	41	18
12	42	8
12	43	18
12	44	8
12	45	11
12	46	14
12	47	9
12	48	8
12	49	5
12	50	17
12	51	17
12	52	8
12	53	12
12	54	10
12	55	6
12	56	13
12	57	9
12	58	4
12	59	14
12	60	4
12	61	6
12	62	11
12	63	18
12	64	12
12	65	19
12	66	15
12	67	16
12	68	18
12	69	16
12	70	10
12	71	6
12	72	8
12	73	9
12	74	4
12	75	3
12	76	25
12	77	14
12	78	16
12	79	13
12	80	23
12	81	18
12	82	11
12	83	11
12	84	5
12	85	7
12	86	11
12	87	16
12	88	19
12	89	5
12	90	18
12	91	9
12	92	6
12	93	10
12	94	8
12	95	5
12	96	16
12	97	11
12	98	5
12	99	15
12	100	28
12	101	20
12	102	10
12	103	4
12	104	6
12	105	7
12	106	5
12	107	12
12	108	12
12	109	24
12	110	18
12	111	9
14	0	3
14	1	12
14	2	8
14	3	11
14	4	13
14	5	16
14	6	19
14	7	5
14	8	9
14	9	28
14	10	26
14	11	19
14	12	13
14	13	10
14	14	5
14	15	4
14	16	3
14	17	8
14	18	12
14	19	10
14	20	2
14	21	28
14	22	30
14	23	13
14	24	10
14	25	9
14	26	6
14	27	20
14	28	11
14	29	3
14	30	10
14	31	15
14	32	19
14	33	6
14	34	13
14	35	14
14	36	8
14	37	15
14	38	12
14	39	9
14	40	5
14	41	4
14	42	9
14	43	7
14	44	19
14	45	8
14	46	6
14	47	6
14	48	9
14	49	4
14	50	4
14	51	6
14	52	11
15	0	3
15	1	6
15	2	5
15	3	5
15	4	7
15	5	6
15	6	7
15	7	6
15	8	10
15	9	6
15	10	4
15	11	7
15	12	1
15	13	3
15	14	7
15	15	6
15	16	6
15	17	1
15	18	6
15	19	9
15	20	2
15	21	9
15	22	13
15	23	3
15	24	5
15	25	2
15	26	4
15	27	4
15	28	5
15	29	3
15	30	2
15	31	6
15	32	6
15	33	4
15	34	4
15	35	4
15	36	3
15	37	3
15	38	3
15	39	8
15	40	4
15	41	2
15	42	7
15	43	2
15	44	4
15	45	2
15	46	4
15	47	4
15	48	4
15	49	6
15	50	6
15	51	1
15	52	8
15	53	5
15	54	4
15	55	5
15	56	5
15	57	5
15	58	7
15	59	7
15	60	8
15	61	6
15	62	2
15	63	5
15	64	4
15	65	9
15	66	8
15	67	4
15	68	6
15	69	4
15	70	4
15	71	5
15	72	1
15	73	2
15	74	7
15	75	3
15	76	2
15	77	3
15	78	5
15	79	6
15	80	3
15	81	8
15	82	7
15	83	2
15	84	5
15	85	18
15	86	3
15	87	9
15	88	9
15	89	5
15	90	4
15	91	5
15	92	2
15	93	3
15	94	4
15	95	4
15	96	6
15	97	2
15	98	1
15	99	3
13	0	3
13	1	12
13	2	16
13	3	15
13	4	13
13	5	22
13	6	8
13	7	10
13	8	11
13	9	5
13	10	8
13	11	19
13	12	8
13	13	9
13	14	17
13	15	10
13	16	30
13	17	40
13	18	20
13	19	13
13	20	4
13	21	9
13	22	20
13	23	7
13	24	3
13	25	13
13	26	17
13	27	13
13	28	9
13	29	7
13	30	16
13	31	44
13	32	6
13	33	19
13	34	12
13	35	16
13	36	23
13	37	15
13	38	17
13	39	7
13	40	10
13	41	16
13	42	7
13	43	6
7	0	3
7	1	1
7	2	3
7	3	12
7	4	10
7	5	15
7	6	6
7	7	3
7	8	4
7	9	10
7	10	6
7	11	10
7	12	10
7	13	9
7	14	3
7	15	3
7	16	5
7	17	7
7	18	9
7	19	12
7	20	19
7	21	5
7	22	25
7	23	10
7	24	6
7	25	4
7	26	13
7	27	24
7	28	27
7	29	8
7	30	12
7	31	11
7	32	17
7	33	20
7	34	11
7	35	11
7	36	13
7	37	29
7	38	37
7	39	10
7	40	20
7	41	3
7	42	15
7	43	26
7	44	20
7	45	7
7	46	13
7	47	15
7	48	12
7	49	14
7	50	22
7	51	20
7	52	0
7	53	23
7	54	26
7	55	6
7	56	12
7	57	19
7	58	12
7	59	14
7	60	5
7	61	2
7	62	6
7	63	5
7	64	14
7	65	13
7	66	11
7	67	3
7	68	5
7	69	18
7	70	17
7	71	17
7	72	13
7	73	26
7	74	25
7	75	19
7	76	9
7	77	13
7	78	5
7	79	5
7	80	10
7	81	8
7	82	12
7	83	8
7	84	6
7	85	31
7	86	15
7	87	15
7	88	16
7	89	33
7	90	11
7	91	5
7	92	12
7	93	4
7	94	16
7	95	21
7	96	19
7	97	11
7	98	8
7	99	11
7	100	10
7	101	16
7	102	6
7	103	11
7	104	3
7	105	10
7	106	8
7	107	5
7	108	4
7	109	5
7	110	5
7	111	8
7	112	1
7	113	12
7	114	3
7	115	9
7	116	13
7	117	10
7	118	4
7	119	4
7	120	2
7	121	6
7	122	0
7	123	13
7	124	5
7	125	6
7	126	20
7	127	16
7	128	14
7	129	14
7	130	6
7	131	19
7	132	10
7	133	17
7	134	12
7	135	7
7	136	12
7	137	23
7	138	19
7	139	7
7	140	7
7	141	14
7	142	10
7	143	27
7	144	9
7	145	16
7	146	31
7	147	16
7	148	13
7	149	13
7	150	32
7	151	8
7	152	10
7	153	13
7	154	7
7	155	33
7	156	25
7	157	31
7	158	26
7	159	2
7	160	34
7	161	14
7	162	13
7	163	18
7	164	12
7	165	17
7	166	7
7	167	11
7	168	9
7	169	28
7	170	11
7	171	14
7	172	17
7	173	14
7	174	3
7	175	15
7	176	18
7	177	12
7	178	4
7	179	22
7	180	13
7	181	3
7	182	6
7	183	2
7	184	7
7	185	13
7	186	3
7	187	32
7	188	23
7	189	19
7	190	14
7	191	5
7	192	4
7	193	9
7	194	9
7	195	19
7	196	5
7	197	4
7	198	7
7	199	5
7	200	6
7	201	10
7	202	3
7	203	17
7	204	10
7	205	11
7	206	4
